<application>
  <component name="AppStorage">
    <histories>
      <item value="com" />
      <item value="Bells" />
      <item value="Directory" />
      <item value="是否有闪光灯" />
      <item value="大于等于" />
      <item value="Above" />
      <item value="TRANSPARENT" />
      <item value="电筒" />
      <item value="电筒控制" />
      <item value="brightness" />
      <item value="portrait" />
      <item value="multiple" />
      <item value="Implement this to handle requests for the MIME type of the data at the * given URI. The returned MIME type should start with * &lt;code&gt;vnd.android.cursor.item&lt;/code&gt; for a single record, * or &lt;code&gt;vnd.android.cursor.dir/&lt;/code&gt; for multiple items. * This method can be called from multiple threads, as described in * &lt;a href=&quot;{@docRoot}guide/topics/fundamentals/processes-and-threads.html#Threads&quot;&gt;Processes * and Threads&lt;/a&gt;." />
      <item value="信息" />
      <item value="我的个人信息" />
      <item value="@param nullColumnHack optional; may be &lt;code&gt;null&lt;/code&gt;. * SQL doesn't allow inserting a completely empty row without * naming at least one column name. If your provided &lt;code&gt;values&lt;/code&gt; is * empty, no column names are known and an empty row can't be inserted. * If not set to null, the &lt;code&gt;nullColumnHack&lt;/code&gt; parameter * provides the name of nullable column name to explicitly insert a NULL into * in the case where your &lt;code&gt;values&lt;/code&gt; is empty." />
      <item value="calculator" />
      <item value="The duration of the call in seconds" />
      <item value="Test if the given URI represents a {@link Document} backed by a" />
      <item value="Namecard Model" />
      <item value="Namecard Relation Model" />
      <item value="铃音" />
      <item value="Namecard" />
      <item value="m Call Logs" />
      <item value="Unique" />
      <item value="Search Unique" />
      <item value="ROSTER WHITELIST" />
      <item value="ROSTER BLACKLIST" />
      <item value="DIRECT" />
      <item value="SECRET" />
      <item value="slot Id" />
      <item value="IS DUAL SIM EXCHANGED" />
      <item value="Dual" />
      <item value="navigation" />
      <item value="Extension Panel Layout" />
      <item value="view stub extension panel" />
      <item value="DEFAULT FAST DIAL SHOWN" />
      <item value="thin" />
      <item value="wide" />
      <item value="plugins" />
      <item value="The Canvas class holds the &quot;draw&quot; calls. To draw something, you need * 4 basic components: A Bitmap to hold the pixels, a Canvas to host * the draw calls (writing into the bitmap), a drawing primitive (e.g. Rect, * Path, text, Bitmap), and a paint (to describe the colors and styles for the * drawing)." />
      <item value="variant" />
      <item value="record Short" />
      <item value="record Zoom" />
      <item value="album" />
      <item value="Return" />
      <item value="Capture" />
      <item value="All improvements up to IntelliJ IDEA 2018.3.4 New Project Structure Dialog to easily track dependencies and configure different aspects of your project, such as modules, build variants and variables, and signing configurations New Resource Manager allows you to easily import, create, manage, and use resources in your app R8 replaces ProGuard as the default code shrinker, which simplifies the compile process and improves build performance The editor can now suggest dependencies to add for many common classes" />
      <item value="All improvements up to IntelliJ IDEA 2018.3.4&#10;New Project Structure Dialog to easily track dependencies and configure different aspects of your project, such as modules, build variants and variables, and signing configurations&#10;New Resource Manager allows you to easily import, create, manage, and use resources in your app&#10;R8 replaces ProGuard as the default code shrinker, which simplifies the compile process and improves build performance&#10;The editor can now suggest dependencies to add for many common classes" />
      <item value="未知" />
    </histories>
    <option name="languageScores">
      <map>
        <entry key="CHINESE" value="290" />
        <entry key="ENGLISH" value="290" />
        <entry key="ALBANIAN" value="2" />
        <entry key="DANISH" value="1" />
        <entry key="FRENCH" value="2" />
        <entry key="ROMANIAN" value="2" />
        <entry key="PORTUGUESE" value="1" />
        <entry key="ITALIAN" value="3" />
        <entry key="VIETNAMESE" value="4" />
      </map>
    </option>
  </component>
</application>